{
  "trail_to_trace": {
    "IsolationForest": {
      "source": {
        "auc_roc": {
          "mean": 0.5967832167832168,
          "std": 0.024355750893663944
        },
        "auc_pr": {
          "mean": 0.9738594143509249,
          "std": 0.004922755366248143
        },
        "recall@5%FPR": {
          "mean": 0.12727272727272726,
          "std": 0.10590654555324502
        },
        "recall@10%FPR": {
          "mean": 0.12727272727272726,
          "std": 0.10590654555324502
        },
        "precision@5%FPR": {
          "mean": 1.0,
          "std": 0.0
        },
        "precision@10%FPR": {
          "mean": 1.0,
          "std": 0.0
        }
      },
      "target": {
        "auc_roc": {
          "mean": 0.5246478451117904,
          "std": 0.018247736520604137
        },
        "auc_pr": {
          "mean": 0.5368191678086935,
          "std": 0.008043279956276905
        },
        "recall@5%FPR": {
          "mean": 0.04477611940298507,
          "std": 0.004719817403236387
        },
        "recall@10%FPR": {
          "mean": 0.08955223880597016,
          "std": 0.014354764225127867
        },
        "precision@5%FPR": {
          "mean": 0.512021312021312,
          "std": 0.02603743210754592
        },
        "precision@10%FPR": {
          "mean": 0.5052217525575733,
          "std": 0.033735262489067046
        }
      },
      "auc_roc_drop": 0.07213537167142636
    },
    "DeepClustering": {
      "source": {
        "auc_roc": {
          "mean": 0.9213986013986014,
          "std": 0.008729782676546727
        },
        "auc_pr": {
          "mean": 0.996845722109934,
          "std": 0.0003365120665013819
        },
        "recall@5%FPR": {
          "mean": 0.6937062937062937,
          "std": 0.016189981682224085
        },
        "recall@10%FPR": {
          "mean": 0.6937062937062937,
          "std": 0.016189981682224085
        },
        "precision@5%FPR": {
          "mean": 1.0,
          "std": 0.0
        },
        "precision@10%FPR": {
          "mean": 1.0,
          "std": 0.0
        }
      },
      "target": {
        "auc_roc": {
          "mean": 0.4908229934664029,
          "std": 0.024727199303258472
        },
        "auc_pr": {
          "mean": 0.512305638575555,
          "std": 0.019919976397236444
        },
        "recall@5%FPR": {
          "mean": 0.05074626865671642,
          "std": 0.01954597142344596
        },
        "recall@10%FPR": {
          "mean": 0.07388059701492536,
          "std": 0.024570265124110938
        },
        "precision@5%FPR": {
          "mean": 0.5198945981554677,
          "std": 0.07528281091122979
        },
        "precision@10%FPR": {
          "mean": 0.44936527364923934,
          "std": 0.06955970406242386
        }
      },
      "auc_roc_drop": 0.4305756079321985
    }
  },
  "trace_to_trail": {
    "IsolationForest": {
      "source": {
        "auc_roc": {
          "mean": 0.48027033507162986,
          "std": 0.0033238710979816037
        },
        "auc_pr": {
          "mean": 0.4939139092872704,
          "std": 0.0008579467483617707
        },
        "recall@5%FPR": {
          "mean": 0.035820895522388055,
          "std": 0.001827977419987445
        },
        "recall@10%FPR": {
          "mean": 0.06567164179104477,
          "std": 0.005584563263841702
        },
        "precision@5%FPR": {
          "mean": 0.5079025549613785,
          "std": 0.03377968467612423
        },
        "precision@10%FPR": {
          "mean": 0.4307293733224413,
          "std": 0.018669515536489215
        }
      },
      "target": {
        "auc_roc": {
          "mean": 0.6881118881118881,
          "std": 0.024803003987368098
        },
        "auc_pr": {
          "mean": 0.9860146501946867,
          "std": 0.0013847228290001612
        },
        "recall@5%FPR": {
          "mean": 0.44335664335664343,
          "std": 0.018019718498916263
        },
        "recall@10%FPR": {
          "mean": 0.44335664335664343,
          "std": 0.018019718498916263
        },
        "precision@5%FPR": {
          "mean": 1.0,
          "std": 0.0
        },
        "precision@10%FPR": {
          "mean": 1.0,
          "std": 0.0
        }
      },
      "auc_roc_drop": -0.2078415530402582
    },
    "DeepClustering": {
      "source": {
        "auc_roc": {
          "mean": 0.46677156386741,
          "std": 0.018538719024888
        },
        "auc_pr": {
          "mean": 0.49593130891499404,
          "std": 0.007307011869968129
        },
        "recall@5%FPR": {
          "mean": 0.04402985074626865,
          "std": 0.0027922816319208518
        },
        "recall@10%FPR": {
          "mean": 0.06119402985074627,
          "std": 0.002985074626865672
        },
        "precision@5%FPR": {
          "mean": 0.5230476190476191,
          "std": 0.026126501953158396
        },
        "precision@10%FPR": {
          "mean": 0.4415557574381103,
          "std": 0.01491194347151678
        }
      },
      "target": {
        "auc_roc": {
          "mean": 0.6027972027972028,
          "std": 0.021648976303092964
        },
        "auc_pr": {
          "mean": 0.9809586105288478,
          "std": 0.001650451136776479
        },
        "recall@5%FPR": {
          "mean": 0.37762237762237766,
          "std": 0.03565747911603346
        },
        "recall@10%FPR": {
          "mean": 0.37762237762237766,
          "std": 0.03565747911603346
        },
        "precision@5%FPR": {
          "mean": 1.0,
          "std": 0.0
        },
        "precision@10%FPR": {
          "mean": 1.0,
          "std": 0.0
        }
      },
      "auc_roc_drop": -0.13602563892979286
    }
  }
}