{
  "activity_hour_mean": {
    "cert_mean": 1.1598741878060537e-07,
    "cert_std": 0.9999998807907104,
    "agent_mean": 0.0,
    "agent_std": 0.0,
    "distribution_divergence": 24.587261847327195
  },
  "session_duration_norm": {
    "cert_mean": 2.2553108181000425e-07,
    "cert_std": 0.9999999403953552,
    "agent_mean": 6.456208900829097e-09,
    "agent_std": 1.000000238418579,
    "distribution_divergence": 1.6689176463150523
  },
  "after_hours_ratio": {
    "cert_mean": 0.0,
    "cert_std": 0.0,
    "agent_mean": 0.0,
    "agent_std": 0.0,
    "distribution_divergence": NaN
  },
  "weekend_activity_flag": {
    "cert_mean": 0.0,
    "cert_std": 0.0,
    "agent_mean": 0.0,
    "agent_std": 0.0,
    "distribution_divergence": NaN
  },
  "primary_event_count": {
    "cert_mean": -1.288749107430931e-08,
    "cert_std": 0.9999990463256836,
    "agent_mean": -1.1067786687135595e-08,
    "agent_std": 1.0,
    "distribution_divergence": 20.674507395704023
  },
  "secondary_event_count": {
    "cert_mean": -2.577498214861862e-08,
    "cert_std": 1.0000001192092896,
    "agent_mean": -1.770845869941695e-07,
    "agent_std": 1.0000003576278687,
    "distribution_divergence": 5.229117357802684
  },
  "peripheral_event_count": {
    "cert_mean": 0.0,
    "cert_std": 0.0,
    "agent_mean": 0.0,
    "agent_std": 0.0,
    "distribution_divergence": NaN
  },
  "event_rate_zscore": {
    "cert_mean": -4.5106219204171794e-08,
    "cert_std": 0.9999993443489075,
    "agent_mean": -1.8446312255449016e-09,
    "agent_std": 1.0000003576278687,
    "distribution_divergence": 3.2584842029796652
  },
  "data_volume_norm": {
    "cert_mean": 6.443745537154655e-09,
    "cert_std": 1.0000001192092896,
    "agent_mean": 0.0,
    "agent_std": 0.0,
    "distribution_divergence": 22.290169609100406
  },
  "output_count_norm": {
    "cert_mean": -3.705153517330473e-08,
    "cert_std": 1.0000003576278687,
    "agent_mean": 0.0,
    "agent_std": 0.0,
    "distribution_divergence": 22.052167988189385
  },
  "volume_variability": {
    "cert_mean": 0.0,
    "cert_std": 1.0,
    "agent_mean": 0.0,
    "agent_std": 0.0,
    "distribution_divergence": 22.858098785422666
  },
  "resource_breadth": {
    "cert_mean": -2.577498214861862e-08,
    "cert_std": 1.0,
    "agent_mean": -3.0436414277801305e-08,
    "agent_std": 0.9999984502792358,
    "distribution_divergence": 23.882694169559404
  },
  "target_breadth": {
    "cert_mean": 0.0,
    "cert_std": 0.0,
    "agent_mean": 0.0,
    "agent_std": 0.0,
    "distribution_divergence": NaN
  },
  "breadth_ratio": {
    "cert_mean": 8.054681899238858e-08,
    "cert_std": 0.999999463558197,
    "agent_mean": -3.597030939772594e-08,
    "agent_std": 0.9999973773956299,
    "distribution_divergence": 23.53058665578068
  },
  "action_entropy": {
    "cert_mean": 3.415185005906096e-07,
    "cert_std": 0.9999999403953552,
    "agent_mean": -3.082378725594026e-06,
    "agent_std": 1.0000001192092896,
    "distribution_divergence": 1.027775517776415
  },
  "transition_novelty": {
    "cert_mean": 0.0,
    "cert_std": 0.0,
    "agent_mean": 0.0,
    "agent_std": 0.0,
    "distribution_divergence": NaN
  },
  "repetition_score": {
    "cert_mean": -1.0309992148904712e-06,
    "cert_std": 0.9999997615814209,
    "agent_mean": -5.510835876521014e-07,
    "agent_std": 1.0,
    "distribution_divergence": 1.6128646885268714
  },
  "peer_distance": {
    "cert_mean": 1.6109363798477716e-07,
    "cert_std": 1.0000001192092896,
    "agent_mean": -1.3096881446017505e-07,
    "agent_std": 1.0,
    "distribution_divergence": 1.29616575069987
  },
  "self_deviation": {
    "cert_mean": 0.0,
    "cert_std": 0.0,
    "agent_mean": 0.0,
    "agent_std": 0.0,
    "distribution_divergence": NaN
  },
  "privilege_deviation_index": {
    "cert_mean": 0.0,
    "cert_std": 0.0,
    "agent_mean": 0.0,
    "agent_std": 0.0,
    "distribution_divergence": NaN
  }
}