{
  "trail": {
    "IsolationForest": {
      "auc_roc": {
        "mean": 0.5967832167832168,
        "std": 0.024355750893663944
      },
      "auc_pr": {
        "mean": 0.9738594143509249,
        "std": 0.004922755366248143
      },
      "recall@5%FPR": {
        "mean": 0.12727272727272726,
        "std": 0.10590654555324502
      },
      "recall@10%FPR": {
        "mean": 0.12727272727272726,
        "std": 0.10590654555324502
      },
      "precision@5%FPR": {
        "mean": 1.0,
        "std": 0.0
      },
      "precision@10%FPR": {
        "mean": 1.0,
        "std": 0.0
      }
    },
    "LSTMAutoencoder": {
      "auc_roc": {
        "mean": 0.744055944055944,
        "std": 0.004422765958277438
      },
      "auc_pr": {
        "mean": 0.988563387278848,
        "std": 0.0003166815401555728
      },
      "recall@5%FPR": {
        "mean": 0.455944055944056,
        "std": 0.01493297657626758
      },
      "recall@10%FPR": {
        "mean": 0.455944055944056,
        "std": 0.01493297657626758
      },
      "precision@5%FPR": {
        "mean": 1.0,
        "std": 0.0
      },
      "precision@10%FPR": {
        "mean": 1.0,
        "std": 0.0
      }
    },
    "DeepClustering": {
      "auc_roc": {
        "mean": 0.9213986013986014,
        "std": 0.008729782676546727
      },
      "auc_pr": {
        "mean": 0.996845722109934,
        "std": 0.0003365120665013819
      },
      "recall@5%FPR": {
        "mean": 0.6937062937062937,
        "std": 0.016189981682224085
      },
      "recall@10%FPR": {
        "mean": 0.6937062937062937,
        "std": 0.016189981682224085
      },
      "precision@5%FPR": {
        "mean": 1.0,
        "std": 0.0
      },
      "precision@10%FPR": {
        "mean": 1.0,
        "std": 0.0
      }
    }
  },
  "trace": {
    "IsolationForest": {
      "auc_roc": {
        "mean": 0.48027033507162986,
        "std": 0.0033238710979816037
      },
      "auc_pr": {
        "mean": 0.4939139092872704,
        "std": 0.0008579467483617707
      },
      "recall@5%FPR": {
        "mean": 0.035820895522388055,
        "std": 0.001827977419987445
      },
      "recall@10%FPR": {
        "mean": 0.06567164179104477,
        "std": 0.005584563263841702
      },
      "precision@5%FPR": {
        "mean": 0.5079025549613785,
        "std": 0.03377968467612423
      },
      "precision@10%FPR": {
        "mean": 0.4307293733224413,
        "std": 0.018669515536489215
      }
    },
    "LSTMAutoencoder": {
      "auc_roc": {
        "mean": 0.4589372415033267,
        "std": 0.004208877317792768
      },
      "auc_pr": {
        "mean": 0.5045007512679276,
        "std": 0.002683013793849519
      },
      "recall@5%FPR": {
        "mean": 0.06194029850746269,
        "std": 0.0038052384429796897
      },
      "recall@10%FPR": {
        "mean": 0.08208955223880597,
        "std": 0.004087481772426609
      },
      "precision@5%FPR": {
        "mean": 0.5930012771392081,
        "std": 0.006171847074549777
      },
      "precision@10%FPR": {
        "mean": 0.49631108864172563,
        "std": 0.021334801563573973
      }
    },
    "DeepClustering": {
      "auc_roc": {
        "mean": 0.46677156386741,
        "std": 0.018538719024888
      },
      "auc_pr": {
        "mean": 0.49593130891499404,
        "std": 0.007307011869968129
      },
      "recall@5%FPR": {
        "mean": 0.04402985074626865,
        "std": 0.0027922816319208518
      },
      "recall@10%FPR": {
        "mean": 0.06119402985074627,
        "std": 0.002985074626865672
      },
      "precision@5%FPR": {
        "mean": 0.5230476190476191,
        "std": 0.026126501953158396
      },
      "precision@10%FPR": {
        "mean": 0.4415557574381103,
        "std": 0.01491194347151678
      }
    }
  }
}