n_estimators,auc_roc
50,0.8386001858153465
100,0.8562670952260822
200,0.8512937914621604
300,0.8512286234502047
500,0.8450692805867255
