Intensity,Detection_Rate,Avg_Multiplier
0.01,1.0,2.24
0.008,1.0,1.992
0.006,1.0,1.744
0.004,1.0,1.496
0.002,1.0,1.2480000000000002
0.001,1.0,1.124
0.0005,1.0,1.0619999999999998
